{
  "$schema":"json-schema.json",
  "graph": 
  {
	"id": "adaptive-maps-algorithm",
    "nodes": 
    [
      {
        "id": "0", 
        "name": "Adaptive Maps Algorithm",
        "type": "root"
      },
      { 
        "id":"1",
        "name":"Geometry",
        "type":"node"
      },
      {
        "id":"2",
        "name":"Datatype",
        "type":"node"
      },
      {  
        "id":"3",
        "name":"Polygon",
        "type":"node"
      }, 
      {
        "id":"4",
        "name":"Point",
        "type":"node"
      },
      {
        "id":"5",
        "name":"Nominal",
        "type":"node"
      },
      {
        "id":"6",
        "name":"Ratio",
        "type":"node"
      },
      {
        "id":"7",
        "name":"Interval", 
        "type":"node"
      },
      {
        "id":"8",
        "name":"Choropleth Map",
        "type":"leaf",
        "imgpath":"img/choropleth-map.png",
        "description":"map where areas are shaded in proportion to the value of the attribute at a location"
      },
      {
        "id":"9",
        "name":"Pie Chart Map",
        "type":"leaf",
        "imgpath":"img/pie-chart-map.png",
        "description":"a combination of a pie chart visualization and a map"
      },
      {
        "id":"10",
        "name":"Graduated Circle Map",
        "type":"leaf",
        "imgpath":"img/graduated-circle-map.png",
        "description":"map which uses dot symbols to represent a phenomenon, but adjusts the size of the dots based on the magnitude (relative or absolute) of the attribute value"
      },
      {
        "id":"11",
        "name":"Dot Map",
        "type":"leaf",
        "imgpath":"img/dot-map.png",
        "description":"map which uses dot symbols to represent a phenomenon"
      },
      {
        "id":"12",
        "name":"Heat Map",
        "type":"leaf",
        "imgpath":"img/heat-map.png",
        "description":"map where locations are shaded in proportion to the value of the attribute at a location"
      }
    ],
    "edges": 
    [
      {
        "source": "0",
        "target": "1",
        "type":"parameter"
      },
      {
        "source": "0",
        "target": "2",
        "type":"parameter"
      },
      {
        "source": "1",
        "target": "3",
        "type":"superclass"
      },
      {
        "source": "1",
        "target": "4",
        "type":"superclass"
      },
      {
        "source": "2",
        "target": "5",
        "type":"superclass"
      },
      {
        "source": "2",
        "target": "6",
        "type":"superclass"
      },
      {
        "source": "2",
        "target": "7",
        "type":"superclass"
      },
      {
        "source": "3",
        "target": "8",
        "type":"meaningful"
      },
      {
        "source": "3",
        "target": "9",
        "type":"meaningful"
      },
      {
        "source": "4",
        "target": "10",
        "type":"meaningful"
      },
      {
        "source": "4",
        "target": "11",
        "type":"meaningful"
      },	 
      {
        "source": "4",
        "target": "12",
        "type":"meaningful"
      },
      {
        "source": "5",
        "target": "8",
        "type":"meaningful"
      },
      {
        "source": "5",
        "target": "10",
        "type":"meaningful"
      },
      {
        "source": "5",
        "target": "11",
        "type":"meaningful"
      },
      {
        "source": "6",
        "target": "8",
        "type":"meaningful"
      },
      {
        "source": "6",
        "target": "9",
        "type":"meaningful"
      },
      {
        "source": "6",
        "target": "10",
        "type":"meaningful"
      },
      {
        "source": "6",
        "target": "11",
        "type":"meaningful"
      },
      {
        "source": "7",
        "target": "11",
        "type":"meaningful"
      } 
    ]
  }
}