{
    "$schema":"json-schema.json",
    "graph": 
    {
      "id": "visual-variables-syntactics",
      "nodes": 
      [
        {
            "id":"0", 
            "name": "Visual Variable Syntactics",
            "type": "root"
        },
        {
            "id":"1",
            "name":"Data Type",
            "type":"node"
        },
        {
            "id":"2",
            "name":"Nominal",
            "type":"node"
        },
        {
            "id":"3",
            "name":"Ordinal",
            "type":"node"
        },
        {
            "id":"4",
            "name":"Numerical",
            "type":"node"
        },
        {
            "id":"5",
            "name":"Size",
            "type":"leaf"
        },    
        {
            "id":"6",
            "name":"Shape",
            "type":"leaf",
            "imgpath":"path to the image of your thematic map",
            "description":"description of the thematic map"
        },
        {
            "id":"7",
            "name":"Color hue",
            "type":"leaf",
            "imgpath":"",
            "description":""
        },
          {
            "id":"8",
            "name":"Color value",
            "type":"leaf",
            "imgpath":"",
            "description":""
        },
        {
            "id":"9",
            "name":"Color saturation",
            "type":"leaf",
            "imgpath":"",
            "description":""
        }, 
        {
            "id":"10",
            "name":"Orientation",
            "type":"leaf",
            "imgpath":"",
            "description":""
        }, 
        {
            "id":"11",
            "name":"Arrangement",
            "type":"leaf",
            "imgpath":"",
            "description":""
        }, 
        {
            "id":"12",
            "name":"Texture",
            "type":"leaf",
            "imgpath":"",
            "description":""
        }, 
        {
            "id":"13",
            "name":"Transparency",
            "type":"leaf",
            "imgpath":"",
            "description":""
        }, 
        {
            "id":"14",
            "name":"Crispness",
            "type":"leaf",
            "imgpath":"",
            "description":""
        }, 
        {
            "id":"15",
            "name":"Resolution",
            "type":"leaf",
            "imgpath":"",
            "description":""
        }
      ],
      "edges": 
      [
        {
            "source": "0",
            "target": "1",
            "type":"parameter"
        },
        {
            "source": "1",
            "target": "2",
            "type": "superclass"
        },
        {
            "source": "1",
            "target": "3",
            "type": "superclass"
        },
        {
            "source": "1",
            "target": "4",
            "type": "superclass"
        }, 
        {
            "source": "2",
            "target": "6",
            "type": "meaningful"
        },
        {
            "source": "2",
            "target": "7",
            "type": "meaningful"
        },
        {
            "source": "2",
            "target": "10",
            "type": "meaningful"
        },
        {
            "source": "2",
            "target": "12",
            "type": "meaningful"
        }, 
        
        {
            "source": "3",
            "target": "5",
            "type": "meaningful"
        }, 
        {
            "source": "3",
            "target": "8",
            "type": "meaningful"
        },
        {
            "source": "3",
            "target": "9",
            "type": "meaningful"
        }, 
        {
            "source": "3",
            "target": "13",
            "type": "meaningful"
        }, 
        {
            "source": "3",
            "target": "14",
            "type": "meaningful"
        }, 
        {
            "source": "3",
            "target": "15",
            "type": "meaningful"
        }, 
        {
            "source": "4",
            "target": "5",
            "type": "meaningful"
        }	
      ]
    }
  }